name,placeType/name,country,woeid
Worldwide,Supername,,1
Winnipeg,Town,Canada,2972
Ottawa,Town,Canada,3369
Quebec,Town,Canada,3444
Montreal,Town,Canada,3534
Toronto,Town,Canada,4118
Edmonton,Town,Canada,8676
Calgary,Town,Canada,8775
Vancouver,Town,Canada,9807
Birmingham,Town,United Kingdom,12723
Blackpool,Town,United Kingdom,12903
Bournemouth,Town,United Kingdom,13383
Brighton,Town,United Kingdom,13911
Bristol,Town,United Kingdom,13963
Cardiff,Town,United Kingdom,15127
Coventry,Town,United Kingdom,17044
Derby,Town,United Kingdom,18114
Edinburgh,Town,United Kingdom,19344
Glasgow,Town,United Kingdom,21125
Hull,Town,United Kingdom,25211
Leeds,Town,United Kingdom,26042
Leicester,Town,United Kingdom,26062
Liverpool,Town,United Kingdom,26734
Manchester,Town,United Kingdom,28218
Middlesbrough,Town,United Kingdom,28869
Newcastle,Town,United Kingdom,30079
Nottingham,Town,United Kingdom,30720
Plymouth,Town,United Kingdom,32185
Portsmouth,Town,United Kingdom,32452
Preston,Town,United Kingdom,32566
Sheffield,Town,United Kingdom,34503
Stoke-on-Trent,Town,United Kingdom,36240
Swansea,Town,United Kingdom,36758
London,Town,United Kingdom,44418
Belfast,Town,United Kingdom,44544
Santo Domingo,Town,Dominican Republic,76456
Guatemala City,Town,Guatemala,83123
Acapulco,Town,Mexico,110978
Aguascalientes,Town,Mexico,111579
Chihuahua,Town,Mexico,115958
Mexico City,Town,Mexico,116545
Ciudad Juarez,Town,Mexico,116556
Nezahualcóyotl,Town,Mexico,116564
Culiacán,Town,Mexico,117994
Ecatepec de Morelos,Town,Mexico,118466
Guadalajara,Town,Mexico,124162
Hermosillo,Town,Mexico,124785
León,Town,Mexico,131068
Mérida,Town,Mexico,133327
Mexicali,Town,Mexico,133475
Monterrey,Town,Mexico,134047
Morelia,Town,Mexico,134091
Naucalpan de Juárez,Town,Mexico,134395
Puebla,Town,Mexico,137612
Querétaro,Town,Mexico,138045
Saltillo,Town,Mexico,141272
San Luis Potosí,Town,Mexico,144265
Tijuana,Town,Mexico,149361
Toluca,Town,Mexico,149769
Zapopan,Town,Mexico,151582
Mendoza,Town,Argentina,332471
Santiago,Town,Chile,349859
Concepcion,Town,Chile,349860
Valparaiso,Town,Chile,349861
Bogotá,Town,Colombia,368148
Cali,Town,Colombia,368149
Medellín,Town,Colombia,368150
Barranquilla,Town,Colombia,368151
Quito,Town,Ecuador,375732
Guayaquil,Town,Ecuador,375733
Caracas,Town,Venezuela,395269
Maracaibo,Town,Venezuela,395270
Maracay,Town,Venezuela,395271
Valencia,Town,Venezuela,395272
Barcelona,Town,Venezuela,395273
Ciudad Guayana,Town,Venezuela,395275
Turmero,Town,Venezuela,395277
Lima,Town,Peru,418440
Brasília,Town,Brazil,455819
Belém,Town,Brazil,455820
Belo Horizonte,Town,Brazil,455821
Curitiba,Town,Brazil,455822
Porto Alegre,Town,Brazil,455823
Recife,Town,Brazil,455824
Rio de Janeiro,Town,Brazil,455825
Salvador,Town,Brazil,455826
São Paulo,Town,Brazil,455827
Campinas,Town,Brazil,455828
Fortaleza,Town,Brazil,455830
Goiânia,Town,Brazil,455831
Manaus,Town,Brazil,455833
São Luís,Town,Brazil,455834
Guarulhos,Town,Brazil,455867
Córdoba,Town,Argentina,466861
Rosario,Town,Argentina,466862
Barquisimeto,Town,Venezuela,468382
Maturín,Town,Venezuela,468384
Buenos Aires,Town,Argentina,468739
Gdańsk,Town,Poland,493417
Kraków,Town,Poland,502075
Lodz,Town,Poland,505120
Poznań,Town,Poland,514048
Warsaw,Town,Poland,523920
Wroclaw,Town,Poland,526363
Vienna,Town,Austria,551801
Cork,Town,Ireland,560472
Dublin,Town,Ireland,560743
Galway,Town,Ireland,560912
Bordeaux,Town,France,580778
Lille,Town,France,608105
Lyon,Town,France,609125
Marseille,Town,France,610264
Montpellier,Town,France,612977
Nantes,Town,France,613858
Paris,Town,France,615702
Rennes,Town,France,619163
Strasbourg,Town,France,627791
Toulouse,Town,France,628886
Berlin,Town,Germany,638242
Bremen,Town,Germany,641142
Dortmund,Town,Germany,645458
Dresden,Town,Germany,645686
Dusseldorf,Town,Germany,646099
Essen,Town,Germany,648820
Frankfurt,Town,Germany,650272
Hamburg,Town,Germany,656958
Cologne,Town,Germany,667931
Leipzig,Town,Germany,671072
Munich,Town,Germany,676757
Stuttgart,Town,Germany,698064
Bologna,Town,Italy,711080
Genoa,Town,Italy,716085
Milan,Town,Italy,718345
Naples,Town,Italy,719258
Palermo,Town,Italy,719846
Rome,Town,Italy,721943
Turin,Town,Italy,725003
Den Haag,Town,Netherlands,726874
Amsterdam,Town,Netherlands,727232
Rotterdam,Town,Netherlands,733075
Utrecht,Town,Netherlands,734047
Barcelona,Town,Spain,753692
Bilbao,Town,Spain,754542
Las Palmas,Town,Spain,764814
Madrid,Town,Spain,766273
Malaga,Town,Spain,766356
Murcia,Town,Spain,768026
Palma,Town,Spain,769293
Seville,Town,Spain,774508
Valencia,Town,Spain,776688
Zaragoza,Town,Spain,779063
Geneva,Town,Switzerland,782538
Lausanne,Town,Switzerland,783058
Zurich,Town,Switzerland,784794
Brest,Town,Belarus,824382
Grodno,Town,Belarus,825848
Gomel,Town,Belarus,825978
Minsk,Town,Belarus,834463
Riga,Town,Latvia,854823
Bergen,Town,Norway,857105
Oslo,Town,Norway,862592
Gothenburg,Town,Sweden,890869
Stockholm,Town,Sweden,906057
Dnipropetrovsk,Town,Ukraine,918981
Donetsk,Town,Ukraine,919163
Kharkiv,Town,Ukraine,922137
Kyiv,Town,Ukraine,924938
Lviv,Town,Ukraine,924943
Odesa,Town,Ukraine,929398
Zaporozhye,Town,Ukraine,939628
Athens,Town,Greece,946738
Thessaloniki,Town,Greece,963291
Bekasi,Town,Indonesia,1030077
Depok,Town,Indonesia,1032539
Pekanbaru,Town,Indonesia,1040779
Surabaya,Town,Indonesia,1044316
Makassar,Town,Indonesia,1046138
Bandung,Town,Indonesia,1047180
Jakarta,Town,Indonesia,1047378
Medan,Town,Indonesia,1047908
Palembang,Town,Indonesia,1048059
Semarang,Town,Indonesia,1048324
Tangerang,Town,Indonesia,1048536
Singapore,Town,Singapore,1062617
Perth,Town,Australia,1098081
Adelaide,Town,Australia,1099805
Brisbane,Town,Australia,1100661
Canberra,Town,Australia,1100968
Darwin,Town,Australia,1101597
Melbourne,Town,Australia,1103816
Sydney,Town,Australia,1105779
Kitakyushu,Town,Japan,1110809
Saitama,Town,Japan,1116753
Chiba,Town,Japan,1117034
Fukuoka,Town,Japan,1117099
Hamamatsu,Town,Japan,1117155
Hiroshima,Town,Japan,1117227
Kawasaki,Town,Japan,1117502
Kobe,Town,Japan,1117545
Kumamoto,Town,Japan,1117605
Nagoya,Town,Japan,1117817
Niigata,Town,Japan,1117881
Sagamihara,Town,Japan,1118072
Sapporo,Town,Japan,1118108
Sendai,Town,Japan,1118129
Takamatsu,Town,Japan,1118285
Tokyo,Town,Japan,1118370
Yokohama,Town,Japan,1118550
Goyang,Town,Korea,1130853
Yongin,Town,Korea,1132094
Ansan,Town,Korea,1132444
Bucheon,Town,Korea,1132445
Busan,Town,Korea,1132447
Changwon,Town,Korea,1132449
Daegu,Town,Korea,1132466
Gwangju,Town,Korea,1132481
Incheon,Town,Korea,1132496
Seongnam,Town,Korea,1132559
Suwon,Town,Korea,1132567
Ulsan,Town,Korea,1132578
Seoul,Town,Korea,1132599
Kajang,Town,Malaysia,1141268
Ipoh,Town,Malaysia,1154679
Johor Bahru,Town,Malaysia,1154698
Klang,Town,Malaysia,1154726
Kuala Lumpur,Town,Malaysia,1154781
Calocan,Town,Philippines,1167715
Makati,Town,Philippines,1180689
Pasig,Town,Philippines,1187115
Taguig,Town,Philippines,1195098
Antipolo,Town,Philippines,1198785
Cagayan de Oro,Town,Philippines,1199002
Cebu City,Town,Philippines,1199079
Davao City,Town,Philippines,1199136
Manila,Town,Philippines,1199477
Quezon City,Town,Philippines,1199682
Zamboanga City,Town,Philippines,1199980
Bangkok,Town,Thailand,1225448
Hanoi,Town,Vietnam,1236594
Hai Phong,Town,Vietnam,1236690
Can Tho,Town,Vietnam,1252351
Da Nang,Town,Vietnam,1252376
Ho Chi Minh City,Town,Vietnam,1252431
Algiers,Town,Algeria,1253079
Accra,Town,Ghana,1326075
Kumasi,Town,Ghana,1330595
Benin City,Town,Nigeria,1387660
Ibadan,Town,Nigeria,1393672
Kaduna,Town,Nigeria,1396439
Kano,Town,Nigeria,1396803
Lagos,Town,Nigeria,1398823
Port Harcourt,Town,Nigeria,1404447
Giza,Town,Egypt,1521643
Cairo,Town,Egypt,1521894
Alexandria,Town,Egypt,1522006
Mombasa,Town,Kenya,1528335
Nairobi,Town,Kenya,1528488
Durban,Town,South Africa,1580913
Johannesburg,Town,South Africa,1582504
Port Elizabeth,Town,South Africa,1586614
Pretoria,Town,South Africa,1586638
Cape Town,Town,South Africa,1591691
Medina,Town,Saudi Arabia,1937801
Dammam,Town,Saudi Arabia,1939574
Riyadh,Town,Saudi Arabia,1939753
Jeddah,Town,Saudi Arabia,1939873
Mecca,Town,Saudi Arabia,1939897
Sharjah,Town,United Arab Emirates,1940119
Abu Dhabi,Town,United Arab Emirates,1940330
Dubai,Town,United Arab Emirates,1940345
Haifa,Town,Israel,1967449
Tel Aviv,Town,Israel,1968212
Jerusalem,Town,Israel,1968222
Amman,Town,Jordan,1968902
Chelyabinsk,Town,Russia,1997422
Khabarovsk,Town,Russia,2018708
Krasnodar,Town,Russia,2028717
Krasnoyarsk,Town,Russia,2029043
Samara,Town,Russia,2077746
Voronezh,Town,Russia,2108210
Yekaterinburg,Town,Russia,2112237
Irkutsk,Town,Russia,2121040
Kazan,Town,Russia,2121267
Moscow,Town,Russia,2122265
Nizhny Novgorod,Town,Russia,2122471
Novosibirsk,Town,Russia,2122541
Omsk,Town,Russia,2122641
Perm,Town,Russia,2122814
Rostov-on-Don,Town,Russia,2123177
Saint Petersburg,Town,Russia,2123260
Ufa,Town,Russia,2124045
Vladivostok,Town,Russia,2124288
Volgograd,Town,Russia,2124298
Karachi,Town,Pakistan,2211096
Lahore,Town,Pakistan,2211177
Multan,Town,Pakistan,2211269
Rawalpindi,Town,Pakistan,2211387
Faisalabad,Town,Pakistan,2211574
Muscat,Town,Oman,2268284
Nagpur,Town,India,2282863
Lucknow,Town,India,2295377
Kanpur,Town,India,2295378
Patna,Town,India,2295381
Ranchi,Town,India,2295383
Kolkata,Town,India,2295386
Srinagar,Town,India,2295387
Amritsar,Town,India,2295388
Jaipur,Town,India,2295401
Ahmedabad,Town,India,2295402
Rajkot,Town,India,2295404
Surat,Town,India,2295405
Bhopal,Town,India,2295407
Indore,Town,India,2295408
Thane,Town,India,2295410
Mumbai,Town,India,2295411
Pune,Town,India,2295412
Hyderabad,Town,India,2295414
Bangalore,Town,India,2295420
Chennai,Town,India,2295424
Mersin,Town,Turkey,2323778
Adana,Town,Turkey,2343678
Ankara,Town,Turkey,2343732
Antalya,Town,Turkey,2343733
Bursa,Town,Turkey,2343843
Diyarbakır,Town,Turkey,2343932
Eskişehir,Town,Turkey,2343980
Gaziantep,Town,Turkey,2343999
Istanbul,Town,Turkey,2344116
Izmir,Town,Turkey,2344117
Kayseri,Town,Turkey,2344174
Konya,Town,Turkey,2344210
Okinawa,Town,Japan,2345896
Daejeon,Town,Korea,2345975
Auckland,Town,New Zealand,2348079
Albuquerque,Town,United States,2352824
Atlanta,Town,United States,2357024
Austin,Town,United States,2357536
Baltimore,Town,United States,2358820
Baton Rouge,Town,United States,2359991
Birmingham,Town,United States,2364559
Boston,Town,United States,2367105
Charlotte,Town,United States,2378426
Chicago,Town,United States,2379574
Cincinnati,Town,United States,2380358
Cleveland,Town,United States,2381475
Colorado Springs,Town,United States,2383489
Columbus,Town,United States,2383660
Dallas-Ft. Worth,Town,United States,2388929
Denver,Town,United States,2391279
Detroit,Town,United States,2391585
El Paso,Town,United States,2397816
Fresno,Town,United States,2407517
Greensboro,Town,United States,2414469
Harrisburg,Town,United States,2418046
Honolulu,Town,United States,2423945
Houston,Town,United States,2424766
Indianapolis,Town,United States,2427032
Jackson,Town,United States,2428184
Jacksonville,Town,United States,2428344
Kansas City,Town,United States,2430683
Las Vegas,Town,United States,2436704
Long Beach,Town,United States,2441472
Los Angeles,Town,United States,2442047
Louisville,Town,United States,2442327
Memphis,Town,United States,2449323
Mesa,Town,United States,2449808
Miami,Town,United States,2450022
Milwaukee,Town,United States,2451822
Minneapolis,Town,United States,2452078
Nashville,Town,United States,2457170
New Haven,Town,United States,2458410
New Orleans,Town,United States,2458833
New York,Town,United States,2459115
Norfolk,Town,United States,2460389
Oklahoma City,Town,United States,2464592
Omaha,Town,United States,2465512
Orlando,Town,United States,2466256
Philadelphia,Town,United States,2471217
Phoenix,Town,United States,2471390
Pittsburgh,Town,United States,2473224
Portland,Town,United States,2475687
Providence,Town,United States,2477058
Raleigh,Town,United States,2478307
Richmond,Town,United States,2480894
Sacramento,Town,United States,2486340
St. Louis,Town,United States,2486982
Salt Lake City,Town,United States,2487610
San Antonio,Town,United States,2487796
San Diego,Town,United States,2487889
San Francisco,Town,United States,2487956
San Jose,Town,United States,2488042
Seattle,Town,United States,2490383
Tallahassee,Town,United States,2503713
Tampa,Town,United States,2503863
Tucson,Town,United States,2508428
Virginia Beach,Town,United States,2512636
Washington,Town,United States,2514815
Osaka,Town,Japan,15015370
Kyoto,Town,Japan,15015372
Delhi,Town,India,20070458
United Arab Emirates,Country,United Arab Emirates,23424738
Algeria,Country,Algeria,23424740
Argentina,Country,Argentina,23424747
Australia,Country,Australia,23424748
Austria,Country,Austria,23424750
Bahrain,Country,Bahrain,23424753
Belgium,Country,Belgium,23424757
Belarus,Country,Belarus,23424765
Brazil,Country,Brazil,23424768
Canada,Country,Canada,23424775
Chile,Country,Chile,23424782
Colombia,Country,Colombia,23424787
Denmark,Country,Denmark,23424796
Dominican Republic,Country,Dominican Republic,23424800
Ecuador,Country,Ecuador,23424801
Egypt,Country,Egypt,23424802
Ireland,Country,Ireland,23424803
France,Country,France,23424819
Ghana,Country,Ghana,23424824
Germany,Country,Germany,23424829
Greece,Country,Greece,23424833
Guatemala,Country,Guatemala,23424834
Indonesia,Country,Indonesia,23424846
India,Country,India,23424848
Israel,Country,Israel,23424852
Italy,Country,Italy,23424853
Japan,Country,Japan,23424856
Jordan,Country,Jordan,23424860
Kenya,Country,Kenya,23424863
Korea,Country,Korea,23424868
Kuwait,Country,Kuwait,23424870
Lebanon,Country,Lebanon,23424873
Latvia,Country,Latvia,23424874
Oman,Country,Oman,23424898
Mexico,Country,Mexico,23424900
Malaysia,Country,Malaysia,23424901
Nigeria,Country,Nigeria,23424908
Netherlands,Country,Netherlands,23424909
Norway,Country,Norway,23424910
New Zealand,Country,New Zealand,23424916
Peru,Country,Peru,23424919
Pakistan,Country,Pakistan,23424922
Poland,Country,Poland,23424923
Panama,Country,Panama,23424924
Portugal,Country,Portugal,23424925
Qatar,Country,Qatar,23424930
Philippines,Country,Philippines,23424934
Puerto Rico,Country,Puerto Rico,23424935
Russia,Country,Russia,23424936
Saudi Arabia,Country,Saudi Arabia,23424938
South Africa,Country,South Africa,23424942
Singapore,Country,Singapore,23424948
Spain,Country,Spain,23424950
Sweden,Country,Sweden,23424954
Switzerland,Country,Switzerland,23424957
Thailand,Country,Thailand,23424960
Turkey,Country,Turkey,23424969
United Kingdom,Country,United Kingdom,23424975
Ukraine,Country,Ukraine,23424976
United States,Country,United States,23424977
Venezuela,Country,Venezuela,23424982
Vietnam,Country,Vietnam,23424984
Petaling,Town,Malaysia,56013632
Hulu Langat,Town,Malaysia,56013645
Okayama,Town,Japan,90036018
